{
  "hash": "f5eae874",
  "configHash": "cdbbfea3",
  "lockfileHash": "23e9c4e8",
  "browserHash": "afffd78d",
  "optimized": {
    "@angular/cdk/bidi": {
      "src": "../../../../../../node_modules/@angular/cdk/fesm2022/bidi.mjs",
      "file": "@angular_cdk_bidi.js",
      "fileHash": "3c9e77fe",
      "needsInterop": false
    },
    "@angular/cdk/scrolling": {
      "src": "../../../../../../node_modules/@angular/cdk/fesm2022/scrolling.mjs",
      "file": "@angular_cdk_scrolling.js",
      "fileHash": "08a9cbf7",
      "needsInterop": false
    },
    "@angular/cdk/text-field": {
      "src": "../../../../../../node_modules/@angular/cdk/fesm2022/text-field.mjs",
      "file": "@angular_cdk_text-field.js",
      "fileHash": "a4dc0b65",
      "needsInterop": false
    },
    "@angular/common": {
      "src": "../../../../../../node_modules/@angular/common/fesm2022/common.mjs",
      "file": "@angular_common.js",
      "fileHash": "6482d7fb",
      "needsInterop": false
    },
    "@angular/common/http": {
      "src": "../../../../../../node_modules/@angular/common/fesm2022/http.mjs",
      "file": "@angular_common_http.js",
      "fileHash": "d836b175",
      "needsInterop": false
    },
    "@angular/core": {
      "src": "../../../../../../node_modules/@angular/core/fesm2022/core.mjs",
      "file": "@angular_core.js",
      "fileHash": "afe13bed",
      "needsInterop": false
    },
    "@angular/forms": {
      "src": "../../../../../../node_modules/@angular/forms/fesm2022/forms.mjs",
      "file": "@angular_forms.js",
      "fileHash": "fba7d4d3",
      "needsInterop": false
    },
    "@angular/material/button": {
      "src": "../../../../../../node_modules/@angular/material/fesm2022/button.mjs",
      "file": "@angular_material_button.js",
      "fileHash": "e96d6a0f",
      "needsInterop": false
    },
    "@angular/material/card": {
      "src": "../../../../../../node_modules/@angular/material/fesm2022/card.mjs",
      "file": "@angular_material_card.js",
      "fileHash": "a6c21643",
      "needsInterop": false
    },
    "@angular/material/chips": {
      "src": "../../../../../../node_modules/@angular/material/fesm2022/chips.mjs",
      "file": "@angular_material_chips.js",
      "fileHash": "6447f322",
      "needsInterop": false
    },
    "@angular/material/core": {
      "src": "../../../../../../node_modules/@angular/material/fesm2022/core.mjs",
      "file": "@angular_material_core.js",
      "fileHash": "97bbdbfd",
      "needsInterop": false
    },
    "@angular/material/datepicker": {
      "src": "../../../../../../node_modules/@angular/material/fesm2022/datepicker.mjs",
      "file": "@angular_material_datepicker.js",
      "fileHash": "37c1902c",
      "needsInterop": false
    },
    "@angular/material/dialog": {
      "src": "../../../../../../node_modules/@angular/material/fesm2022/dialog.mjs",
      "file": "@angular_material_dialog.js",
      "fileHash": "4e23c8c2",
      "needsInterop": false
    },
    "@angular/material/form-field": {
      "src": "../../../../../../node_modules/@angular/material/fesm2022/form-field.mjs",
      "file": "@angular_material_form-field.js",
      "fileHash": "b7d5a2b5",
      "needsInterop": false
    },
    "@angular/material/icon": {
      "src": "../../../../../../node_modules/@angular/material/fesm2022/icon.mjs",
      "file": "@angular_material_icon.js",
      "fileHash": "9ba39581",
      "needsInterop": false
    },
    "@angular/material/input": {
      "src": "../../../../../../node_modules/@angular/material/fesm2022/input.mjs",
      "file": "@angular_material_input.js",
      "fileHash": "ecaded8a",
      "needsInterop": false
    },
    "@angular/material/progress-spinner": {
      "src": "../../../../../../node_modules/@angular/material/fesm2022/progress-spinner.mjs",
      "file": "@angular_material_progress-spinner.js",
      "fileHash": "8959f471",
      "needsInterop": false
    },
    "@angular/material/select": {
      "src": "../../../../../../node_modules/@angular/material/fesm2022/select.mjs",
      "file": "@angular_material_select.js",
      "fileHash": "0cb57aca",
      "needsInterop": false
    },
    "@angular/material/snack-bar": {
      "src": "../../../../../../node_modules/@angular/material/fesm2022/snack-bar.mjs",
      "file": "@angular_material_snack-bar.js",
      "fileHash": "aab09186",
      "needsInterop": false
    },
    "@angular/material/table": {
      "src": "../../../../../../node_modules/@angular/material/fesm2022/table.mjs",
      "file": "@angular_material_table.js",
      "fileHash": "a9a49c0a",
      "needsInterop": false
    },
    "@angular/platform-browser": {
      "src": "../../../../../../node_modules/@angular/platform-browser/fesm2022/platform-browser.mjs",
      "file": "@angular_platform-browser.js",
      "fileHash": "f164e384",
      "needsInterop": false
    },
    "@angular/router": {
      "src": "../../../../../../node_modules/@angular/router/fesm2022/router.mjs",
      "file": "@angular_router.js",
      "fileHash": "c534a28f",
      "needsInterop": false
    },
    "jspdf": {
      "src": "../../../../../../node_modules/jspdf/dist/jspdf.es.min.js",
      "file": "jspdf.js",
      "fileHash": "dc293cab",
      "needsInterop": false
    },
    "jspdf-autotable": {
      "src": "../../../../../../node_modules/jspdf-autotable/dist/jspdf.plugin.autotable.mjs",
      "file": "jspdf-autotable.js",
      "fileHash": "18d53b1b",
      "needsInterop": false
    },
    "rxjs": {
      "src": "../../../../../../node_modules/rxjs/dist/esm5/index.js",
      "file": "rxjs.js",
      "fileHash": "8c4a7d1d",
      "needsInterop": false
    },
    "rxjs/operators": {
      "src": "../../../../../../node_modules/rxjs/dist/esm5/operators/index.js",
      "file": "rxjs_operators.js",
      "fileHash": "60d869eb",
      "needsInterop": false
    }
  },
  "chunks": {
    "html2canvas.esm-ZNF64ISW": {
      "file": "html2canvas__esm-ZNF64ISW.js"
    },
    "purify.es-4ZNAMFB3": {
      "file": "purify__es-4ZNAMFB3.js"
    },
    "index.es-EUKPFY47": {
      "file": "index__es-EUKPFY47.js"
    },
    "chunk-WUUVWCMF": {
      "file": "chunk-WUUVWCMF.js"
    },
    "chunk-VO2YG3DM": {
      "file": "chunk-VO2YG3DM.js"
    },
    "chunk-7VQN2MAO": {
      "file": "chunk-7VQN2MAO.js"
    },
    "chunk-FGTY7VVU": {
      "file": "chunk-FGTY7VVU.js"
    },
    "chunk-OIBNGD5S": {
      "file": "chunk-OIBNGD5S.js"
    },
    "chunk-DZX4G325": {
      "file": "chunk-DZX4G325.js"
    },
    "chunk-SZS4RJEH": {
      "file": "chunk-SZS4RJEH.js"
    },
    "chunk-KILGB3IA": {
      "file": "chunk-KILGB3IA.js"
    },
    "chunk-5KSPYRHN": {
      "file": "chunk-5KSPYRHN.js"
    },
    "chunk-6HKJG5VS": {
      "file": "chunk-6HKJG5VS.js"
    },
    "chunk-RRXQONSY": {
      "file": "chunk-RRXQONSY.js"
    },
    "chunk-YEXHFYL7": {
      "file": "chunk-YEXHFYL7.js"
    },
    "chunk-VPBUED2X": {
      "file": "chunk-VPBUED2X.js"
    },
    "chunk-UDU42JBG": {
      "file": "chunk-UDU42JBG.js"
    },
    "chunk-P75BYM6G": {
      "file": "chunk-P75BYM6G.js"
    },
    "chunk-GE4ULPRI": {
      "file": "chunk-GE4ULPRI.js"
    },
    "chunk-Q5MQKD2G": {
      "file": "chunk-Q5MQKD2G.js"
    },
    "chunk-I2EVJZEW": {
      "file": "chunk-I2EVJZEW.js"
    },
    "chunk-3F4TQ5ES": {
      "file": "chunk-3F4TQ5ES.js"
    },
    "chunk-SCO3VDZS": {
      "file": "chunk-SCO3VDZS.js"
    },
    "chunk-RK6FSZ6R": {
      "file": "chunk-RK6FSZ6R.js"
    },
    "chunk-UU5Z7QKS": {
      "file": "chunk-UU5Z7QKS.js"
    },
    "chunk-X3P5GA7C": {
      "file": "chunk-X3P5GA7C.js"
    },
    "chunk-65RJ5ZZ2": {
      "file": "chunk-65RJ5ZZ2.js"
    },
    "chunk-7MXI67PS": {
      "file": "chunk-7MXI67PS.js"
    },
    "chunk-M3HR6BUY": {
      "file": "chunk-M3HR6BUY.js"
    },
    "chunk-WDEKG7OM": {
      "file": "chunk-WDEKG7OM.js"
    },
    "chunk-TI6CZQ46": {
      "file": "chunk-TI6CZQ46.js"
    },
    "chunk-GDHGS3XR": {
      "file": "chunk-GDHGS3XR.js"
    },
    "chunk-CYZVM3BF": {
      "file": "chunk-CYZVM3BF.js"
    },
    "chunk-FN63FFFY": {
      "file": "chunk-FN63FFFY.js"
    },
    "chunk-WPM5VTLQ": {
      "file": "chunk-WPM5VTLQ.js"
    },
    "chunk-PEBH6BBU": {
      "file": "chunk-PEBH6BBU.js"
    },
    "chunk-4S3KYZTJ": {
      "file": "chunk-4S3KYZTJ.js"
    },
    "chunk-TXDUYLVM": {
      "file": "chunk-TXDUYLVM.js"
    }
  }
}