{
  "hash": "ee02967e",
  "configHash": "b235b78a",
  "lockfileHash": "276e2cfe",
  "browserHash": "5e77e634",
  "optimized": {
    "@angular/cdk/bidi": {
      "src": "../../../../../../node_modules/@angular/cdk/fesm2022/bidi.mjs",
      "file": "@angular_cdk_bidi.js",
      "fileHash": "ea320000",
      "needsInterop": false
    },
    "@angular/common": {
      "src": "../../../../../../node_modules/@angular/common/fesm2022/common.mjs",
      "file": "@angular_common.js",
      "fileHash": "9f0b71ac",
      "needsInterop": false
    },
    "@angular/common/http": {
      "src": "../../../../../../node_modules/@angular/common/fesm2022/http.mjs",
      "file": "@angular_common_http.js",
      "fileHash": "fd310a07",
      "needsInterop": false
    },
    "@angular/core": {
      "src": "../../../../../../node_modules/@angular/core/fesm2022/core.mjs",
      "file": "@angular_core.js",
      "fileHash": "d9f9927c",
      "needsInterop": false
    },
    "@angular/forms": {
      "src": "../../../../../../node_modules/@angular/forms/fesm2022/forms.mjs",
      "file": "@angular_forms.js",
      "fileHash": "b9bcac4b",
      "needsInterop": false
    },
    "@angular/material/icon": {
      "src": "../../../../../../node_modules/@angular/material/fesm2022/icon.mjs",
      "file": "@angular_material_icon.js",
      "fileHash": "2723cb83",
      "needsInterop": false
    },
    "@angular/material/paginator": {
      "src": "../../../../../../node_modules/@angular/material/fesm2022/paginator.mjs",
      "file": "@angular_material_paginator.js",
      "fileHash": "3579f2ff",
      "needsInterop": false
    },
    "@angular/material/sort": {
      "src": "../../../../../../node_modules/@angular/material/fesm2022/sort.mjs",
      "file": "@angular_material_sort.js",
      "fileHash": "42a25b48",
      "needsInterop": false
    },
    "@angular/material/table": {
      "src": "../../../../../../node_modules/@angular/material/fesm2022/table.mjs",
      "file": "@angular_material_table.js",
      "fileHash": "dfc6963d",
      "needsInterop": false
    },
    "@angular/platform-browser": {
      "src": "../../../../../../node_modules/@angular/platform-browser/fesm2022/platform-browser.mjs",
      "file": "@angular_platform-browser.js",
      "fileHash": "445d53df",
      "needsInterop": false
    },
    "@angular/router": {
      "src": "../../../../../../node_modules/@angular/router/fesm2022/router.mjs",
      "file": "@angular_router.js",
      "fileHash": "14359635",
      "needsInterop": false
    },
    "ng-recaptcha": {
      "src": "../../../../../../node_modules/ng-recaptcha/fesm2022/ng-recaptcha.mjs",
      "file": "ng-recaptcha.js",
      "fileHash": "014a391f",
      "needsInterop": false
    },
    "rxjs": {
      "src": "../../../../../../node_modules/rxjs/dist/esm5/index.js",
      "file": "rxjs.js",
      "fileHash": "dafdcf4c",
      "needsInterop": false
    },
    "rxjs/operators": {
      "src": "../../../../../../node_modules/rxjs/dist/esm5/operators/index.js",
      "file": "rxjs_operators.js",
      "fileHash": "f0b6ade9",
      "needsInterop": false
    }
  },
  "chunks": {
    "chunk-RZ3ULDJL": {
      "file": "chunk-RZ3ULDJL.js"
    },
    "chunk-425LVKHH": {
      "file": "chunk-425LVKHH.js"
    },
    "chunk-AMRB3VLN": {
      "file": "chunk-AMRB3VLN.js"
    },
    "chunk-4WRMYV6R": {
      "file": "chunk-4WRMYV6R.js"
    },
    "chunk-JSQUALSL": {
      "file": "chunk-JSQUALSL.js"
    },
    "chunk-OPEAW7IJ": {
      "file": "chunk-OPEAW7IJ.js"
    },
    "chunk-DI2WKPX2": {
      "file": "chunk-DI2WKPX2.js"
    },
    "chunk-ZYBJXLLR": {
      "file": "chunk-ZYBJXLLR.js"
    },
    "chunk-DHSY247K": {
      "file": "chunk-DHSY247K.js"
    },
    "chunk-KVLE3IXC": {
      "file": "chunk-KVLE3IXC.js"
    },
    "chunk-6Q4RANH6": {
      "file": "chunk-6Q4RANH6.js"
    },
    "chunk-FFZIAYYX": {
      "file": "chunk-FFZIAYYX.js"
    },
    "chunk-CXCX2JKZ": {
      "file": "chunk-CXCX2JKZ.js"
    }
  }
}